{
	"title": "Sorts for the day",
	"container": { 
			"leftSegment":{
				"components": [
					{
							"type": "circular",
							"options": {
								"float": "left",
								"width": "99",
								"query": "query GetInductsForLastHour($startTime: Long!, $goalVal: Int, $sorterid: String!) { getUSSDataForLastXMins(startTime: $startTime, xMins: 1440, goalVal: $goalVal, duration:\"0-days\", sorterid: $sorterid) { sortsPercent } }",
								"guageBGColor": "#9b59b6"																
							}
					}						
				]
			},
			"rightSegment":{
				"components": [
					{
							"type": "Goal",
							"options": {
								"float": "right",
								"width": "49",
								"query": "query GetInductsForLastHour($startTime: Long!, $goalVal: Int, $sorterid: String!) { getUSSDataForLastXMins(startTime: $startTime, xMins: 1440, goalVal: $goalVal, duration:\"0-days\", sorterid: $sorterid) { sorts } }",
								"goalFontColor": "#4ac576"								
							}					
					},
					{
							"type": "Line chart",
							"options": {
								"float": "right",
								"width": "49",
								"query": "query GetInductsForLastHour($startTime: Long!, $goalVal: Int, $sorterid: String!) { getUSSDataForLastXMins(startTime: $startTime, xMins: 1440, goalVal: $goalVal, duration:\"5-days\", sorterid: $sorterid) { inductsLastXDays { sorts date } } }",
								"chartLabel": "Last 5 days",
								"chartBGColor": "#9b59b6"						
							}					
					}
				]
			}			
		}
}



