{
	"title": "Sorts for last hour",
	"container": { 
			"leftSegment":{
				"components": [
					{
							"type": "SpeedoMeterD3",
							"options": {
								"float": "left",
								"width": "99",
								"query": "query GetInductsForLastHour($startTime: Long!, $goalVal: Int, $sorterid: String!) { getUSSDataForLastXMins(startTime: $startTime, xMins: 60, goalVal: $goalVal, duration:\"0-hours\", sorterid: $sorterid) { sortsPercent } }",
								"height": 120,
								"width": 120,
								"needleLength": 55,
								"needleRadius": 3,
								"needleColor": "#000",
								"barWidth": 12,
								"textSize": "25px",
								"segments": 3,
								"segmentColors":  [ "#d0021b", "#f8e71c", "#2ecc71" ],
								"segmentPercentage": [ 29, 51, 20 ]								
							}
					}						
				]
			},
			"rightSegment":{
				"components": [
					{
							"type": "Goal",
							"options": {
								"float": "right",
								"width": "49",
								"query": "query GetInductsForLastHour($startTime: Long!, $goalVal: Int, $sorterid: String!) { getUSSDataForLastXMins(startTime: $startTime, xMins: 60, goalVal: $goalVal, duration:\"0-hours\", sorterid: $sorterid) { sorts } }",
								"goalFontColor": "#4ac576"								
							}					
					},
					{
							"type": "Line chart",
							"options": {
								"float": "right",
								"width": "49",
								"query": "query GetInductsForLastHour($startTime: Long!, $goalVal: Int, $sorterid: String!) { getUSSDataForLastXMins(startTime: $startTime, xMins: 60, goalVal: $goalVal, duration:\"5-hours\", sorterid: $sorterid) { inductsLastXHours{ sorts hour } } }",
								"chartLabel": "Last 5 hours",
								"chartBGColor": "#4ac576"							
							}					
					}
				]
			}			
		}
}



