{
	"title": "Wave status today",
	"container": { 
			"waves":"Waves: ",
			"units": " Units: ",
			"leftSegment":{
				"components": [
					{
							"type": "progressBar",
							"options": {
								"float": "left",
								"width": "99",
								"query": "{ getWaveStatusData { allocated sorted remaining waves units allocatedPercentage sortedPercentage remainingPercentage } }",
								"danger": "#d0021b",
								"warning": "#f8e71c",
								"success": "#2ecc71"
							},
							"labels": {
								"float": "left",
								"width": "99",
								"allocated": "Allocated",
								"sorted": "Sorted",
								"remaining": "Remaining"
							}
					}						
				]
			},
			"rightSegment":{
				"components": [{
					
				}]
			}			
		}
}



