{
	"container": 
		{ 
			"leftSegment":{
				"components": [
					{
						"type": "Induction Table",
						"options": {
							"float": "left",
							"width": "33",
							"query": "query GetInductionStationStatusDetails($startTime: Long!, $stationGoal: Int, $sorterId: String!) { getInductionStationStatusDetails(startTime: $startTime, xMins: 1440, stationGoal: $stationGoal, sorterId:$sorterId) { sorterId details{ stationId runTime totalInducts inductsPerHour productivity peakRate minRate avgRate currentUser lastScan } } }",
							"colors":["#ce5661", "#edad02", "#2ecc71", "#ef1a1a"],
							"segments": [0, 800, 1150, 2000],
							"recordsPerPage": 3,
							"stationGoal":20						
						}
					}						
				]
			},
			"rightSegment": {
				"components": []
			}
		}	
}
